{
  "IcoMoonType": "selection",
  "icons": [
    {
      "icon": {
        "paths": [
          "M512 192c0 0-128-128-512-128v768c388 0 512 128 512 128s124-128 512-128v-768c-384 0-512 128-512 128zM128 192c162.688 13.632 262.496 51.264 320 81.76v515.488c-57.504-30.368-157.312-68-320-81.76v-515.488zM896 707.488c-162.752 13.76-262.496 51.328-320 81.76v-515.488c57.504-30.496 157.248-68.128 320-81.76v515.488z"
        ],
        "attrs": [
          {}
        ],
        "isMulticolor": false,
        "isMulticolor2": false,
        "tags": [
          "book-alt2",
          "read"
        ],
        "grid": 16
      },
      "attrs": [
        {}
      ],
      "properties": {
        "order": 1,
        "id": 0,
        "prevSize": 32,
        "code": 59675,
        "name": "formulate-text-constant"
      },
      "setIdx": 0,
      "setId": 8,
      "iconIdx": 0
    },
    {
      "icon": {
        "paths": [
          "M512 1024c-282.75 0-512-229.25-512-512s229.25-512 512-512 512 229.25 512 512-229.25 512-512 512zM512 128c-212.062 0-384 171.938-384 384s171.938 384 384 384 384-171.938 384-384-171.938-384-384-384zM512 768c-141.376 0-256-114.624-256-256s114.624-256 256-256 256 114.624 256 256-114.624 256-256 256z"
        ],
        "attrs": [
          {}
        ],
        "isMulticolor": false,
        "isMulticolor2": false,
        "tags": [
          "circle-full"
        ],
        "grid": 16
      },
      "attrs": [
        {}
      ],
      "properties": {
        "order": 1,
        "id": 0,
        "prevSize": 32,
        "code": 59668,
        "name": "formulate-radio-button-list"
      },
      "setIdx": 5,
      "setId": 3,
      "iconIdx": 0
    },
    {
      "icon": {
        "paths": [
          "M448 256h-320v64h320v-64zM576 64h-576v896h768v-704l-192-192zM704 896h-640v-768h448l192 192v576zM128 768h512v-64h-512v64zM128 640h512v-64h-512v64zM128 512h512v-64h-512v64z"
        ],
        "width": 768,
        "attrs": [
          {}
        ],
        "isMulticolor": false,
        "isMulticolor2": false,
        "tags": [
          "file-text"
        ],
        "grid": 16
      },
      "attrs": [
        {}
      ],
      "properties": {
        "order": 1,
        "id": 1,
        "prevSize": 32,
        "code": 59667,
        "name": "formulate-rich-text"
      },
      "setIdx": 5,
      "setId": 3,
      "iconIdx": 1
    },
    {
      "icon": {
        "paths": [
          "M928 128h-288c0-70.692-57.306-128-128-128-70.692 0-128 57.308-128 128h-288c-17.672 0-32 14.328-32 32v832c0 17.674 14.328 32 32 32h832c17.674 0 32-14.326 32-32v-832c0-17.672-14.326-32-32-32zM512 64c35.346 0 64 28.654 64 64s-28.654 64-64 64c-35.346 0-64-28.654-64-64s28.654-64 64-64zM896 960h-768v-768h128v96c0 17.672 14.328 32 32 32h448c17.674 0 32-14.328 32-32v-96h128v768z",
          "M448 858.51l-205.254-237.254 58.508-58.51 146.746 114.744 274.742-242.744 58.514 58.508z"
        ],
        "attrs": [],
        "isMulticolor": false,
        "isMulticolor2": false,
        "tags": [
          "clipboard",
          "board",
          "signup",
          "register",
          "agreement"
        ],
        "grid": 16
      },
      "attrs": [],
      "properties": {
        "id": 2,
        "order": 1,
        "prevSize": 32,
        "ligatures": "clipboard, board",
        "name": "formulate-forms",
        "code": 59652
      },
      "setIdx": 5,
      "setId": 3,
      "iconIdx": 2
    },
    {
      "icon": {
        "paths": [
          "M704 128h-128v-64c0-35.2-28.8-64-64-64h-128c-35.204 0-64 28.8-64 64v64h-128v128h512v-128zM512 128h-128v-63.886c0.034-0.038 0.072-0.078 0.114-0.114h127.768c0.042 0.036 0.082 0.076 0.118 0.114v63.886zM832 320v-160c0-17.6-14.4-32-32-32h-64v64h32v128h-192l-192 192v256h-256v-576h32v-64h-64c-17.602 0-32 14.4-32 32v640c0 17.6 14.398 32 32 32h288v192h640v-704h-192zM576 410.51v101.49h-101.49l101.49-101.49zM960 960h-512v-384h192v-192h320v576z"
        ],
        "attrs": [],
        "isMulticolor": false,
        "isMulticolor2": false,
        "tags": [
          "paste",
          "clipboard-file"
        ],
        "grid": 16
      },
      "attrs": [],
      "properties": {
        "order": 1,
        "prevSize": 32,
        "ligatures": "paste, clipboard-file",
        "name": "formulate-form",
        "id": 3,
        "code": 59657
      },
      "setIdx": 5,
      "setId": 3,
      "iconIdx": 3
    },
    {
      "icon": {
        "paths": [
          "M853.342 0h-682.656c-93.874 0-170.686 76.81-170.686 170.69v682.622c0 93.938 76.812 170.688 170.686 170.688h682.656c93.876 0 170.658-76.75 170.658-170.69v-682.62c0-93.88-76.782-170.69-170.658-170.69zM853.342 128c7.988 0 15.546 2.334 22.020 6.342l-363.362 300.404-363.354-300.4c6.478-4.010 14.044-6.346 22.040-6.346h682.656zM170.686 896c-1.924 0-3.82-0.146-5.684-0.408l225.626-312.966-29.256-29.254-233.372 233.37v-611.138l384 464.396 384-464.394v611.136l-233.372-233.37-29.254 29.254 225.628 312.968c-1.858 0.26-3.746 0.406-5.662 0.406h-682.654z"
        ],
        "attrs": [],
        "isMulticolor": false,
        "isMulticolor2": false,
        "tags": [
          "mail",
          "contact",
          "support",
          "newsletter",
          "letter",
          "email",
          "envelop",
          "social"
        ],
        "grid": 16
      },
      "attrs": [],
      "properties": {
        "order": 1,
        "prevSize": 32,
        "ligatures": "mail3, contact3",
        "name": "formulate-email",
        "id": 4,
        "code": 59664
      },
      "setIdx": 5,
      "setId": 3,
      "iconIdx": 4
    },
    {
      "icon": {
        "paths": [
          "M892.268 386.49c2.444-11.11 3.732-22.648 3.732-34.49 0-88.366-71.634-160-160-160-14.222 0-28.014 1.868-41.132 5.352-24.798-77.352-97.29-133.352-182.868-133.352-87.348 0-161.054 58.336-184.326 138.17-22.742-6.622-46.792-10.17-71.674-10.17-141.384 0-256 114.616-256 256 0 141.388 114.616 256 256 256h128v192h256v-192h224c88.366 0 160-71.632 160-160 0-78.72-56.854-144.162-131.732-157.51zM576 640v192h-128v-192h-160l224-224 224 224h-160z"
        ],
        "attrs": [],
        "isMulticolor": false,
        "isMulticolor2": false,
        "tags": [
          "cloud-upload",
          "cloud",
          "load",
          "upload"
        ],
        "defaultCode": 59843,
        "grid": 16
      },
      "attrs": [],
      "properties": {
        "ligatures": "cloud-upload, cloud3",
        "name": "formulate-upload",
        "order": 3,
        "id": 5,
        "prevSize": 32,
        "code": 59843
      },
      "setIdx": 5,
      "setId": 3,
      "iconIdx": 5
    },
    {
      "icon": {
        "paths": [
          "M384 512c0-70.692 57.308-128 128-128s128 57.308 128 128c0 70.692-57.308 128-128 128s-128-57.308-128-128zM664.348 230.526c99.852 54.158 167.652 159.898 167.652 281.474s-67.8 227.316-167.652 281.474c44.066-70.126 71.652-170.27 71.652-281.474s-27.586-211.348-71.652-281.474zM288 512c0 111.204 27.584 211.348 71.652 281.474-99.852-54.16-167.652-159.898-167.652-281.474s67.8-227.314 167.652-281.474c-44.068 70.126-71.652 170.27-71.652 281.474zM96 512c0 171.9 54.404 326.184 140.652 431.722-142.302-90.948-236.652-250.314-236.652-431.722s94.35-340.774 236.652-431.722c-86.248 105.538-140.652 259.822-140.652 431.722zM787.352 80.28c142.298 90.946 236.648 250.312 236.648 431.72s-94.35 340.774-236.648 431.72c86.244-105.536 140.648-259.82 140.648-431.72s-54.404-326.184-140.648-431.72z"
        ],
        "attrs": [],
        "isMulticolor": false,
        "isMulticolor2": false,
        "tags": [
          "feed",
          "wave",
          "radio",
          "live",
          "broadcast"
        ],
        "defaultCode": 59677,
        "grid": 16
      },
      "attrs": [],
      "properties": {
        "ligatures": "feed, wave",
        "name": "formulate-extended-radio-button-list",
        "order": 2,
        "id": 6,
        "prevSize": 32,
        "code": 59677
      },
      "setIdx": 5,
      "setId": 3,
      "iconIdx": 6
    },
    {
      "icon": {
        "paths": [
          "M320 384h128v128h-128zM512 384h128v128h-128zM704 384h128v128h-128zM128 768h128v128h-128zM320 768h128v128h-128zM512 768h128v128h-128zM320 576h128v128h-128zM512 576h128v128h-128zM704 576h128v128h-128zM128 576h128v128h-128zM832 0v64h-128v-64h-448v64h-128v-64h-128v1024h960v-1024h-128zM896 960h-832v-704h832v704z"
        ],
        "attrs": [],
        "isMulticolor": false,
        "isMulticolor2": false,
        "tags": [
          "calendar",
          "date",
          "schedule",
          "time",
          "day"
        ],
        "defaultCode": 59731,
        "grid": 16
      },
      "attrs": [],
      "properties": {
        "ligatures": "calendar, date",
        "name": "formulate-date",
        "order": 2,
        "id": 7,
        "prevSize": 32,
        "code": 59731
      },
      "setIdx": 5,
      "setId": 3,
      "iconIdx": 7
    },
    {
      "icon": {
        "paths": [
          "M576 256l-128-128h-448v832h1024v-704h-448zM704 704h-128v128h-128v-128h-128v-128h128v-128h128v128h128v128z"
        ],
        "attrs": [],
        "isMulticolor": false,
        "isMulticolor2": false,
        "tags": [
          "folder-plus",
          "directory",
          "folder-add"
        ],
        "defaultCode": 59697,
        "grid": 16
      },
      "attrs": [],
      "properties": {
        "ligatures": "folder-plus, directory3",
        "name": "formulate-create-folder",
        "order": 2,
        "id": 8,
        "prevSize": 32,
        "code": 59697
      },
      "setIdx": 5,
      "setId": 3,
      "iconIdx": 8
    },
    {
      "icon": {
        "paths": [
          "M576 256l-128-128h-448v832h1024v-704h-448zM704 704h-384v-128h384v128z"
        ],
        "attrs": [],
        "isMulticolor": false,
        "isMulticolor2": false,
        "tags": [
          "folder-minus",
          "directory",
          "folder-remove"
        ],
        "defaultCode": 59698,
        "grid": 16
      },
      "attrs": [],
      "properties": {
        "ligatures": "folder-minus, directory4",
        "name": "formulate-delete-folder",
        "order": 3,
        "id": 9,
        "prevSize": 32,
        "code": 59698
      },
      "setIdx": 5,
      "setId": 3,
      "iconIdx": 9
    },
    {
      "icon": {
        "paths": [
          "M992 384h-352v-352c0-17.672-14.328-32-32-32h-192c-17.672 0-32 14.328-32 32v352h-352c-17.672 0-32 14.328-32 32v192c0 17.672 14.328 32 32 32h352v352c0 17.672 14.328 32 32 32h192c17.672 0 32-14.328 32-32v-352h352c17.672 0 32-14.328 32-32v-192c0-17.672-14.328-32-32-32z"
        ],
        "attrs": [],
        "isMulticolor": false,
        "isMulticolor2": false,
        "tags": [
          "plus",
          "add",
          "sum"
        ],
        "defaultCode": 59914,
        "grid": 16
      },
      "attrs": [],
      "properties": {
        "ligatures": "plus, add",
        "name": "formulate-create",
        "order": 4,
        "id": 10,
        "prevSize": 32,
        "code": 59914
      },
      "setIdx": 5,
      "setId": 3,
      "iconIdx": 10
    },
    {
      "icon": {
        "paths": [
          "M1014.662 822.66c-0.004-0.004-0.008-0.008-0.012-0.010l-310.644-310.65 310.644-310.65c0.004-0.004 0.008-0.006 0.012-0.010 3.344-3.346 5.762-7.254 7.312-11.416 4.246-11.376 1.824-24.682-7.324-33.83l-146.746-146.746c-9.148-9.146-22.45-11.566-33.828-7.32-4.16 1.55-8.070 3.968-11.418 7.31 0 0.004-0.004 0.006-0.008 0.010l-310.648 310.652-310.648-310.65c-0.004-0.004-0.006-0.006-0.010-0.010-3.346-3.342-7.254-5.76-11.414-7.31-11.38-4.248-24.682-1.826-33.83 7.32l-146.748 146.748c-9.148 9.148-11.568 22.452-7.322 33.828 1.552 4.16 3.97 8.072 7.312 11.416 0.004 0.002 0.006 0.006 0.010 0.010l310.65 310.648-310.65 310.652c-0.002 0.004-0.006 0.006-0.008 0.010-3.342 3.346-5.76 7.254-7.314 11.414-4.248 11.376-1.826 24.682 7.322 33.83l146.748 146.746c9.15 9.148 22.452 11.568 33.83 7.322 4.16-1.552 8.070-3.97 11.416-7.312 0.002-0.004 0.006-0.006 0.010-0.010l310.648-310.65 310.648 310.65c0.004 0.002 0.008 0.006 0.012 0.008 3.348 3.344 7.254 5.762 11.414 7.314 11.378 4.246 24.684 1.826 33.828-7.322l146.746-146.748c9.148-9.148 11.57-22.454 7.324-33.83-1.552-4.16-3.97-8.068-7.314-11.414z"
        ],
        "attrs": [],
        "isMulticolor": false,
        "isMulticolor2": false,
        "tags": [
          "cross",
          "cancel",
          "close",
          "quit",
          "remove"
        ],
        "defaultCode": 59919,
        "grid": 16
      },
      "attrs": [],
      "properties": {
        "ligatures": "cross, cancel",
        "name": "formulate-delete",
        "order": 5,
        "id": 11,
        "prevSize": 32,
        "code": 59919
      },
      "setIdx": 5,
      "setId": 3,
      "iconIdx": 11
    },
    {
      "icon": {
        "paths": [
          "M975.821 557.978l-162.355-405.862c-11.981-30.054-41.062-49.715-73.421-49.715h-456.090c-32.358 0-61.44 19.661-73.421 49.715l-162.355 405.862c-14.746 36.915-19.098 77.158-12.595 116.326l30.208 181.197c6.349 38.144 39.322 66.099 77.978 66.099h736.41c38.656 0 71.629-27.955 77.978-66.099l30.208-181.197c6.605-39.168 2.253-79.411-12.544-116.326zM868.301 780.544c-3.686 22.323-22.989 38.656-45.619 38.656h-621.363c-22.63 0-41.933-16.333-45.619-38.656l-18.688-112.282c-4.762-28.211 16.998-53.862 45.619-53.862h658.79c28.57 0 50.33 25.651 45.619 53.862l-18.739 112.282z"
        ],
        "attrs": [],
        "isMulticolor": false,
        "isMulticolor2": false,
        "tags": [
          "drive"
        ],
        "grid": 0
      },
      "attrs": [],
      "properties": {
        "order": 1,
        "id": 0,
        "prevSize": 20,
        "code": 59662,
        "name": "formulate-value-group"
      },
      "setIdx": 1,
      "setId": 7,
      "iconIdx": 0
    },
    {
      "icon": {
        "paths": [
          "M0 960v-896h576l192 192v704h-768zM704 320l-192-192h-448v768h640v-576zM320 512h-192v-256h192v256zM256 320h-64v128h64v-128zM256 768h64v64h-192v-64h64v-128h-64v-64h128v192zM512 448h64v64h-192v-64h64v-128h-64v-64h128v192zM576 832h-192v-256h192v256zM512 640h-64v128h64v-128z"
        ],
        "width": 768,
        "attrs": [],
        "isMulticolor": false,
        "isMulticolor2": false,
        "tags": [
          "file-binary"
        ],
        "grid": 0
      },
      "attrs": [],
      "properties": {
        "order": 1,
        "id": 1,
        "prevSize": 20,
        "code": 59661,
        "name": "formulate-value"
      },
      "setIdx": 1,
      "setId": 7,
      "iconIdx": 1
    },
    {
      "icon": {
        "paths": [
          "M922 494l60 60-406 406-216-218 60-60 156 158zM274 470h176l-88-236zM532 682l-50-128h-240l-48 128h-90l218-554h80l218 554h-88z"
        ],
        "attrs": [],
        "isMulticolor": false,
        "isMulticolor2": false,
        "tags": [
          "spellcheck"
        ],
        "grid": 0
      },
      "attrs": [],
      "properties": {
        "order": 1,
        "id": 2,
        "prevSize": 20,
        "code": 59660,
        "name": "formulate-validation"
      },
      "setIdx": 1,
      "setId": 7,
      "iconIdx": 2
    },
    {
      "icon": {
        "paths": [
          "M512 96c-229.76 0-416 186.24-416 416s186.24 416 416 416 416-186.24 416-416-186.24-416-416-416zM744.256 393.824l-303.552 303.52c-7.616 7.584-19.936 7.584-27.552 0l-6.112-6.112-0.032 0.032-167.008-168.192c-7.616-7.616-7.616-19.968 0-27.584l41.408-41.376c7.616-7.616 19.968-7.616 27.584 0l118.048 118.912 248.192-248.192c7.616-7.616 19.968-7.616 27.584 0l41.408 41.408c7.648 7.584 7.648 19.936 0.032 27.584z"
        ],
        "attrs": [],
        "isMulticolor": false,
        "isMulticolor2": false,
        "tags": [
          "checkmark",
          "tick"
        ],
        "grid": 0
      },
      "attrs": [],
      "properties": {
        "order": 1,
        "id": 3,
        "prevSize": 20,
        "code": 59658,
        "name": "formulate-validation-group"
      },
      "setIdx": 1,
      "setId": 7,
      "iconIdx": 3
    },
    {
      "icon": {
        "paths": [
          "M512 51.2l-256 358.4h512l-256-358.4zM512 972.8l256-358.4h-512l256 358.4z"
        ],
        "attrs": [],
        "isMulticolor": false,
        "isMulticolor2": false,
        "tags": [
          "select-arrows"
        ],
        "grid": 0
      },
      "attrs": [],
      "properties": {
        "order": 1,
        "id": 4,
        "prevSize": 20,
        "code": 59659,
        "name": "formulate-drop-down"
      },
      "setIdx": 1,
      "setId": 7,
      "iconIdx": 4
    },
    {
      "icon": {
        "paths": [
          "M1316.571 438.857h-73.143v365.714h73.143v219.429h-219.429v-73.143h-512v73.143h-219.429v-219.429h73.143v-73.143h-219.429v73.143h-219.429v-219.429h73.143v-365.714h-73.143v-219.429h219.429v73.143h512v-73.143h219.429v219.429h-73.143v73.143h219.429v-73.143h219.429v219.429zM1170.286 292.571v73.143h73.143v-73.143h-73.143zM804.571 73.143v73.143h73.143v-73.143h-73.143zM73.143 73.143v73.143h73.143v-73.143h-73.143zM146.286 731.429v-73.143h-73.143v73.143h73.143zM877.714 658.286h-73.143v73.143h73.143v-73.143zM219.429 658.286h512v-73.143h73.143v-365.714h-73.143v-73.143h-512v73.143h-73.143v365.714h73.143v73.143zM512 950.857v-73.143h-73.143v73.143h73.143zM1243.429 950.857v-73.143h-73.143v73.143h73.143zM1170.286 804.571v-365.714h-73.143v-73.143h-219.429v219.429h73.143v219.429h-219.429v-73.143h-219.429v73.143h73.143v73.143h512v-73.143h73.143z"
        ],
        "width": 1317,
        "attrs": [],
        "isMulticolor": false,
        "isMulticolor2": false,
        "tags": [
          "object-ungroup"
        ],
        "grid": 0
      },
      "attrs": [],
      "properties": {
        "order": 1,
        "id": 5,
        "prevSize": 20,
        "code": 59654,
        "name": "formulate-layout-group"
      },
      "setIdx": 1,
      "setId": 7,
      "iconIdx": 5
    },
    {
      "icon": {
        "paths": [
          "M193.856 218.72l21.952 21.952-89.856 89.856 70.016 70.016 90.272-90.272 20.512 20.512-90.272 90.304 69.12 69.088 205.312-205.312-249.984-248.512-204.576 204.576 67.648 67.68 89.856-89.888zM739.168 533.088l-205.312 205.344 69.088 69.088 90.304-90.272 20.512 20.512-90.272 90.272 70.016 70.016 89.824-89.856 21.952 21.952-89.824 89.856 67.616 67.648 204.608-204.608-248.512-249.952zM954.304 270.432c24.992-25.024 25.184-65.44 0.384-90.272l-112.384-112.352c-24.8-24.8-65.248-24.672-90.24 0.384l-69.44 69.44 202.24 202.24 69.44-69.44zM108.736 830.144l83.936 83.936 169.088-60.064-192.96-192.96-60.064 169.088zM660.8 158.176l-476.32 476.352 203.808 203.808 476.352-476.352-203.84-203.808zM277.024 634.112l383.392-383.392 22.336 22.336-383.424 383.424-22.304-22.368zM321.696 678.816l383.36-383.392 22.336 22.336-383.392 383.36-22.304-22.304zM366.368 723.456l383.392-383.392 22.304 22.336-383.36 383.392-22.336-22.336zM62.528 960.32l98.112-35.744-62.368-62.368-35.744 98.112z"
        ],
        "attrs": [],
        "isMulticolor": false,
        "isMulticolor2": false,
        "tags": [
          "ruler",
          "pencil",
          "design"
        ],
        "grid": 0
      },
      "attrs": [],
      "properties": {
        "order": 1,
        "id": 6,
        "prevSize": 20,
        "code": 59655,
        "name": "formulate-layout"
      },
      "setIdx": 1,
      "setId": 7,
      "iconIdx": 6
    },
    {
      "icon": {
        "paths": [
          "M160 992v-800l133.344-128h405.344l133.312 128v800h-672zM192 960h608v-736h-608v736zM224 608h544v320h-544v-320zM416 736v32h160v-96h-32v64h-96v-64h-32v64zM224 256h544v320h-544v-320zM416 416h160v-96h-32v64h-96v-64h-32v96z"
        ],
        "attrs": [],
        "isMulticolor": false,
        "isMulticolor2": false,
        "tags": [
          "cabinet",
          "drawer",
          "storage"
        ],
        "grid": 0
      },
      "attrs": [],
      "properties": {
        "order": 1,
        "id": 7,
        "prevSize": 20,
        "code": 59656,
        "name": "formulate-form-group"
      },
      "setIdx": 1,
      "setId": 7,
      "iconIdx": 7
    },
    {
      "icon": {
        "paths": [
          "M896 640v-256l-160-256h-480l-160 256v256h800zM352 672h-256v256h800v-256h-256v48.001c0 44.437-28.616 79.999-63.917 79.999h-160.167c-35.249 0-63.917-35.817-63.917-79.999v-48.001zM352 384h-216.801l140-224h441.602l140 224h-216.801v63.811c0 35.82-28.616 64.189-63.917 64.189h-160.167c-35.249 0-63.917-28.739-63.917-64.189v-63.811z"
        ],
        "attrs": [
          {}
        ],
        "isMulticolor": false,
        "isMulticolor2": false,
        "tags": [
          "inboxes"
        ],
        "grid": 32
      },
      "attrs": [
        {}
      ],
      "properties": {
        "order": 1,
        "id": 0,
        "prevSize": 32,
        "code": 59673,
        "name": "formulate-submissions"
      },
      "setIdx": 2,
      "setId": 6,
      "iconIdx": 0
    },
    {
      "icon": {
        "paths": [
          "M640 608v64.067c0 35.189-28.616 63.933-63.917 63.933h-160.167c-35.249 0-63.917-28.624-63.917-63.933v-64.067h-128v-415.902c0-18.053 14.264-32.098 31.858-32.098h320.142v159.811c0 35.82 28.624 64.189 63.933 64.189h128.067v224h-128zM896 656v-48l-96-153.6v-102.4l-192-224h-351.912c-35.395 0-64.088 28.705-64.088 64.158v262.242l-96 153.6v288h800v-240zM192 608h-56.801l56.801-90.881v90.881zM856.801 608h-56.801v-90.881l56.801 90.881zM608 176l150.398 176h-118.503c-17.475 0-31.896-14.453-31.896-32.281v-143.719z"
        ],
        "attrs": [
          {}
        ],
        "isMulticolor": false,
        "isMulticolor2": false,
        "tags": [
          "inbox-document"
        ],
        "grid": 32
      },
      "attrs": [
        {}
      ],
      "properties": {
        "order": 1,
        "id": 1,
        "prevSize": 32,
        "code": 59672,
        "name": "formulate-store-data"
      },
      "setIdx": 2,
      "setId": 6,
      "iconIdx": 1
    },
    {
      "icon": {
        "paths": [
          "M672 128v-32h32v32h32.082c35.408 0 63.918 28.705 63.918 64.115v671.77c0 35.643-28.617 64.115-63.918 64.115h-480.165c-35.408 0-63.918-28.705-63.918-64.115v-671.77c0-35.643 28.617-64.115 63.918-64.115h32.082v-32h32v32h96v-32h32v32h96v-32h32v32h96zM672 160h-96v32h-32v-32h-96v32h-32v-32h-96v32h-32v-32h-32.001c-17.672 0-31.999 14.045-31.999 32.098v671.803c0 17.727 14.551 32.098 31.999 32.098h480.003c17.672 0 31.999-14.045 31.999-32.098v-671.803c0-17.727-14.551-32.098-31.999-32.098h-32.001v32h-32v-32zM448 384v32h256v-32h-256zM288 352h96v96h-96v-96zM320 384v32h32v-32h-32zM288 512h96v96h-96v-96zM320 544v32h32v-32h-32zM448 544v32h256v-32h-256zM288 672h96v96h-96v-96zM320 704v32h32v-32h-32zM448 704v32h256v-32h-256z"
        ],
        "attrs": [
          {}
        ],
        "isMulticolor": false,
        "isMulticolor2": false,
        "tags": [
          "notebook-list"
        ],
        "grid": 32
      },
      "attrs": [
        {}
      ],
      "properties": {
        "order": 1,
        "id": 2,
        "prevSize": 32,
        "code": 59669,
        "name": "formulate-checkbox-list"
      },
      "setIdx": 2,
      "setId": 6,
      "iconIdx": 2
    },
    {
      "icon": {
        "paths": [
          "M48 1024h800c27.808 0 48-20.192 48-48v-896c0-27.808-20.192-48-48-48h-128c-8.832 0-16 7.168-16 16s7.168 16 16 16h128c10.016 0 16 5.984 16 16v896c0 10.016-5.984 16-16 16h-800c-10.016 0-16-5.984-16-16v-896c0-10.016 5.984-16 16-16h128c8.832 0 16-7.168 16-16s-7.168-16-16-16h-128c-27.808 0-48 20.192-48 48v896c0 27.808 20.192 48 48 48zM176 160c8.832 0 16-7.168 16-16s-7.168-16-16-16h-64c-8.832 0-16 7.168-16 16v768c0 8.832 7.168 16 16 16h672c8.832 0 16-7.168 16-16v-768c0-8.832-7.168-16-16-16h-64c-8.832 0-16 7.168-16 16s7.168 16 16 16h48v736h-640v-736h48zM288 224h320c38.88 0 64-25.12 64-64v-144c0-8.832-7.168-16-16-16h-416c-8.832 0-16 7.168-16 16v144c0 38.88 25.12 64 64 64zM256 32h384v128c0 21.248-10.784 32-32 32h-320c-21.216 0-32-10.752-32-32v-128zM272 512h352c8.832 0 16-7.168 16-16s-7.168-16-16-16h-352c-8.832 0-16 7.168-16 16s7.168 16 16 16zM272 384h352c8.832 0 16-7.168 16-16s-7.168-16-16-16h-352c-8.832 0-16 7.168-16 16s7.168 16 16 16zM272 640h352c8.832 0 16-7.168 16-16s-7.168-16-16-16h-352c-8.832 0-16 7.168-16 16s7.168 16 16 16zM272 768h352c8.832 0 16-7.168 16-16s-7.168-16-16-16h-352c-8.832 0-16 7.168-16 16s7.168 16 16 16z"
        ],
        "width": 896,
        "attrs": [],
        "isMulticolor": false,
        "isMulticolor2": false,
        "tags": [
          "clipboard",
          "paste",
          "board"
        ],
        "grid": 32
      },
      "attrs": [],
      "properties": {
        "order": 1,
        "id": 3,
        "prevSize": 32,
        "code": 59663,
        "name": "formulate-conform"
      },
      "setIdx": 2,
      "setId": 6,
      "iconIdx": 3
    },
    {
      "icon": {
        "paths": [
          "M96 128v800h800v-800h-800zM352 896h-224v-544h224v544zM864 896h-480v-544h480v544zM864 320h-736v-160h736v160z"
        ],
        "attrs": [],
        "isMulticolor": false,
        "isMulticolor2": false,
        "tags": [
          "layout"
        ],
        "grid": 32
      },
      "attrs": [],
      "properties": {
        "order": 1,
        "id": 4,
        "prevSize": 32,
        "code": 59649,
        "name": "formulate-layouts"
      },
      "setIdx": 2,
      "setId": 6,
      "iconIdx": 4
    },
    {
      "icon": {
        "paths": [
          "M252.896 224.736c0 17.6 0 63.776 0 63.776h448.448c0 0 0-46.176 0-63.776 0-17.632-14.24-31.904-31.872-31.904h-95.68c0 0 1.088-36.416 1.088-92.224 0-51.808-44.928-99.136-98.752-99.136s-95.296 44.992-95.296 98.848c0 51.808-0.384 92.512-0.384 92.512h-95.648c-17.632 0-31.904 14.272-31.904 31.904zM476.128 97.184c17.6 0 31.904 14.272 31.904 31.872 0 17.632-14.304 31.904-31.904 31.904s-31.904-14.272-31.904-31.904c0-17.6 14.304-31.872 31.904-31.872zM765.152 192.832v316.832c0 0 27.52-30.368 63.744-44.928v-303.776c0-35.232-30.56-63.776-65.76-63.776h-157.472v63.776h127.552c17.632 0 31.936 14.272 31.936 31.872zM410.336 960.192h-189.344c-17.6 0-31.872-14.24-31.872-31.872v-735.488c0-17.6 14.272-31.872 31.872-31.872h129.568v-63.776h-161.44c-35.232 0-63.776 28.576-63.776 63.776v799.232c0 35.232 28.544 63.808 63.776 63.808h290.592c-12.48-21.056-34.784-45.376-69.376-63.808zM765.152 928.32c0 17.632-14.304 31.872-31.904 31.872h-87.328c-16.064 21.504-31.2 42.88-45.12 63.808h162.368c35.2 0 65.76-28.576 65.76-63.808v-196.128c-21.12 17.376-42.496 36.992-63.744 58.56v105.696zM898.656 669.632c-35.936-79.872-15.36-144.736-10.24-219.616-210.528 104.8-344.032 419.296-344.032 419.296l-82.144-154.752-169.44 99.808c71.904 24.928 174.592 104.8 261.888 209.632 61.568-109.824 251.552-334.368 343.968-354.368z"
        ],
        "attrs": [],
        "isMulticolor": false,
        "isMulticolor2": false,
        "tags": [
          "clipboard"
        ],
        "grid": 32
      },
      "attrs": [],
      "properties": {
        "order": 1,
        "id": 5,
        "prevSize": 32,
        "code": 59648,
        "name": "formulate-clipboard"
      },
      "setIdx": 2,
      "setId": 6,
      "iconIdx": 5
    },
    {
      "icon": {
        "paths": [
          "M512 0c-215.808 0-448 65.056-448 208v608c0 142.88 232.192 208 448 208 215.776 0 448-65.12 448-208v-608c0-142.944-232.256-208-448-208zM896 816c0 79.488-171.936 144-384 144-212.096 0-384-64.512-384-144v-119.552c66.112 68.128 225.6 103.552 384 103.552s317.888-35.424 384-103.552v119.552zM896 624h-0.128c0 0.32 0.128 0.672 0.128 0.992 0 79.008-171.936 143.008-384 143.008-212.064 0-384-64-384-143.008 0-0.32 0.128-0.672 0.128-0.992h-0.128v-119.552c66.112 68.128 225.6 103.552 384 103.552s317.888-35.424 384-103.552v119.552zM896 432h-0.128c0 0.32 0.128 0.672 0.128 0.992 0 79.008-171.936 143.008-384 143.008-212.064 0-384-64-384-143.008 0-0.32 0.128-0.672 0.128-0.992h-0.128v-109.952c83.872 63.904 237.6 93.952 384 93.952s300.128-30.048 384-93.952v109.952zM512 352c-212.096 0-384-64.512-384-144 0-79.552 171.904-144 384-144 212.064 0 384 64.448 384 144 0 79.488-171.936 144-384 144zM768 832c0-17.673 14.327-32 32-32s32 14.327 32 32c0 17.673-14.327 32-32 32-17.673 0-32-14.327-32-32zM768 640c0-17.673 14.327-32 32-32s32 14.327 32 32c0 17.673-14.327 32-32 32-17.673 0-32-14.327-32-32zM768 448c0-17.673 14.327-32 32-32s32 14.327 32 32c0 17.673-14.327 32-32 32-17.673 0-32-14.327-32-32z"
        ],
        "attrs": [],
        "isMulticolor": false,
        "isMulticolor2": false,
        "tags": [
          "data",
          "database",
          "storage"
        ],
        "grid": 32
      },
      "attrs": [],
      "properties": {
        "id": 6,
        "order": 7,
        "prevSize": 32,
        "code": 59650,
        "name": "formulate-data"
      },
      "setIdx": 2,
      "setId": 6,
      "iconIdx": 6
    },
    {
      "icon": {
        "paths": [
          "M810 298h86v256h-648l154 154-60 60-256-256 256-256 60 60-154 154h562v-172z"
        ],
        "attrs": [
          {}
        ],
        "isMulticolor": false,
        "isMulticolor2": false,
        "tags": [
          "keyboard_return"
        ],
        "grid": 24
      },
      "attrs": [
        {}
      ],
      "properties": {
        "order": 1,
        "id": 0,
        "prevSize": 24,
        "code": 59674,
        "name": "formulate-move"
      },
      "setIdx": 3,
      "setId": 5,
      "iconIdx": 0
    },
    {
      "icon": {
        "paths": [
          "M918 384v128h-128v298h-128v-298h-128v-128h384zM106 170h556v128h-214v512h-128v-512h-214v-128z"
        ],
        "attrs": [],
        "isMulticolor": false,
        "isMulticolor2": false,
        "tags": [
          "text_fields"
        ],
        "grid": 24
      },
      "attrs": [],
      "properties": {
        "order": 1,
        "id": 1,
        "prevSize": 24,
        "code": 59653,
        "name": "formulate-values"
      },
      "setIdx": 3,
      "setId": 5,
      "iconIdx": 1
    },
    {
      "icon": {
        "paths": [
          "M554 598v-172h-84v172h84zM554 768v-86h-84v86h84zM42 896l470-810 470 810h-940z"
        ],
        "attrs": [],
        "isMulticolor": false,
        "isMulticolor2": false,
        "tags": [
          "report_problem"
        ],
        "grid": 24
      },
      "attrs": [],
      "properties": {
        "order": 1,
        "id": 2,
        "prevSize": 24,
        "code": 59651,
        "name": "formulate-validations"
      },
      "setIdx": 3,
      "setId": 5,
      "iconIdx": 2
    },
    {
      "icon": {
        "paths": [
          "M1002.547 299.008c-2.202-24.013-23.654-41.114-47.104-37.376-89.19 14.234-298.291 96.768-443.443 96.768s-354.253-82.534-443.443-96.768c-23.45-3.738-44.851 13.312-47.104 37.325-7.27 78.438-21.453 287.283-21.453 318.925 0 42.496 177.766 139.878 307.2 139.878 125.542 0 151.040-139.878 204.8-139.878s79.258 139.878 204.8 139.878c129.434 0 307.2-97.382 307.2-139.878 0-31.642-14.182-240.486-21.453-318.874zM392.192 548.864c-18.074 16.282-68.352 54.784-129.587 42.752s-98.253-67.738-110.899-90.010c-3.072-5.427-2.099-12.288 2.253-16.23 18.074-16.282 68.352-54.784 129.638-42.752 61.235 12.032 98.253 67.738 110.899 90.010 3.021 5.427 2.048 12.288-2.304 16.23zM872.294 501.606c-12.595 22.323-49.613 77.978-110.899 90.010-61.235 12.032-111.565-26.47-129.587-42.752-4.403-3.942-5.325-10.803-2.304-16.23 12.595-22.323 49.613-77.978 110.899-90.010 61.235-12.032 111.565 26.47 129.587 42.752 4.403 3.942 5.376 10.803 2.304 16.23z"
        ],
        "attrs": [
          {}
        ],
        "isMulticolor": false,
        "isMulticolor2": false,
        "tags": [
          "mask"
        ],
        "grid": 20
      },
      "attrs": [
        {}
      ],
      "properties": {
        "order": 1,
        "id": 0,
        "prevSize": 20,
        "code": 59670,
        "name": "formulate-hidden"
      },
      "setIdx": 4,
      "setId": 4,
      "iconIdx": 0
    },
    {
      "icon": {
        "paths": [
          "M819.2 51.2h-614.4c-28.314 0-51.2 22.886-51.2 51.2v819.2c0 28.262 22.886 51.2 51.2 51.2h614.4c28.314 0 51.2-22.938 51.2-51.2v-819.2c0-28.262-22.886-51.2-51.2-51.2zM768 870.4h-512v-716.8h512v716.8zM665.6 256h-307.2v102.4h307.2v-102.4zM665.6 665.6h-307.2v102.4h307.2v-102.4zM665.6 460.8h-307.2v102.4h307.2v-102.4z"
        ],
        "attrs": [
          {}
        ],
        "isMulticolor": false,
        "isMulticolor2": false,
        "tags": [
          "text-document"
        ],
        "grid": 20
      },
      "attrs": [
        {}
      ],
      "properties": {
        "order": 1,
        "id": 1,
        "prevSize": 20,
        "code": 59666,
        "name": "formulate-textarea"
      },
      "setIdx": 4,
      "setId": 4,
      "iconIdx": 1
    },
    {
      "icon": {
        "paths": [
          "M961.143 950.857q-25.143 0-75.714-2t-76.286-2q-25.143 0-75.429 2t-75.429 2q-13.714 0-21.143-11.714t-7.429-26q0-17.714 9.714-26.286t22.286-9.714 29.143-4 25.714-8.571q18.857-12 18.857-80l-0.571-223.429q0-12-0.571-17.714-7.429-2.286-28.571-2.286h-385.714q-21.714 0-29.143 2.286-0.571 5.714-0.571 17.714l-0.571 212q0 81.143 21.143 93.714 9.143 5.714 27.429 7.429t32.571 2 25.714 8.571 11.429 26q0 14.857-7.143 27.429t-20.857 12.571q-26.857 0-79.714-2t-79.143-2q-24.571 0-73.143 2t-72.571 2q-13.143 0-20.286-12t-7.143-25.714q0-17.143 8.857-25.714t20.571-10 27.143-4.286 24-8.571q18.857-13.143 18.857-81.714l-0.571-32.571v-464.571q0-1.714 0.286-14.857t0-20.857-0.857-22-2-24-3.714-20.857-6.286-18-9.143-10.286q-8.571-5.714-25.714-6.857t-30.286-1.143-23.429-8-10.286-25.714q0-14.857 6.857-27.429t20.571-12.571q26.286 0 79.143 2t79.143 2q24 0 72.286-2t72.286-2q14.286 0 21.429 12.571t7.143 27.429q0 17.143-9.714 24.857t-22 8.286-28.286 2.286-24.571 7.429q-20 12-20 91.429l0.571 182.857q0 12 0.571 18.286 7.429 1.714 22.286 1.714h399.429q14.286 0 21.714-1.714 0.571-6.286 0.571-18.286l0.571-182.857q0-79.429-20-91.429-10.286-6.286-33.429-7.143t-37.714-7.429-14.571-28.286q0-14.857 7.143-27.429t21.429-12.571q25.143 0 75.429 2t75.429 2q24.571 0 73.714-2t73.714-2q14.286 0 21.429 12.571t7.143 27.429q0 17.143-10 25.143t-22.857 8.286-29.429 1.714-25.143 7.143q-20 13.143-20 92l0.571 538.857q0 68 19.429 80 9.143 5.714 26.286 7.714t30.571 2.571 23.714 8.857 10.286 25.429q0 14.857-6.857 27.429t-20.571 12.571z"
        ],
        "attrs": [
          {}
        ],
        "isMulticolor": false,
        "isMulticolor2": false,
        "tags": [
          "header"
        ],
        "grid": 14
      },
      "attrs": [
        {}
      ],
      "properties": {
        "order": 1,
        "id": 0,
        "prevSize": 32,
        "code": 59671,
        "name": "formulate-header"
      },
      "setIdx": 6,
      "setId": 2,
      "iconIdx": 0
    },
    {
      "icon": {
        "paths": [
          "M647.429 596q17.714 17.143 8 39.429-9.714 22.857-33.714 22.857h-218.286l114.857 272q5.714 14.286 0 28t-19.429 20l-101.143 42.857q-14.286 5.714-28 0t-20-19.429l-109.143-258.286-178.286 178.286q-10.857 10.857-25.714 10.857-6.857 0-13.714-2.857-22.857-9.714-22.857-33.714v-859.429q0-24 22.857-33.714 6.857-2.857 13.714-2.857 15.429 0 25.714 10.857z"
        ],
        "width": 662,
        "attrs": [],
        "isMulticolor": false,
        "isMulticolor2": false,
        "tags": [
          "mouse-pointer"
        ],
        "grid": 14
      },
      "attrs": [],
      "properties": {
        "order": 1,
        "id": 1,
        "prevSize": 32,
        "code": 59665,
        "name": "formulate-button"
      },
      "setIdx": 6,
      "setId": 2,
      "iconIdx": 1
    }
  ],
  "height": 1024,
  "metadata": {
    "name": "icomoon"
  },
  "preferences": {
    "showGlyphs": true,
    "showCodes": true,
    "showQuickUse": true,
    "showQuickUse2": true,
    "showSVGs": true,
    "fontPref": {
      "prefix": "icon-",
      "metadata": {
        "fontFamily": "icomoon"
      },
      "metrics": {
        "emSize": 1024,
        "baseline": 6.25,
        "whitespace": 50
      },
      "embed": false
    },
    "imagePref": {
      "prefix": "icon-",
      "png": true,
      "useClassSelector": true,
      "color": 4473924,
      "bgColor": 16777215
    },
    "historySize": 100
  }
}