{
  "IcoMoonType": "selection",
  "icons": [
    {
      "icon": {
        "paths": [
          "M512 1024c-282.75 0-512-229.25-512-512s229.25-512 512-512 512 229.25 512 512-229.25 512-512 512zM512 128c-212.062 0-384 171.938-384 384s171.938 384 384 384 384-171.938 384-384-171.938-384-384-384zM512 768c-141.376 0-256-114.624-256-256s114.624-256 256-256 256 114.624 256 256-114.624 256-256 256z"
        ],
        "attrs": [
          {}
        ],
        "isMulticolor": false,
        "isMulticolor2": false,
        "tags": [
          "circle-full"
        ],
        "grid": 16
      },
      "attrs": [
        {}
      ],
      "properties": {
        "order": 1,
        "id": 0,
        "prevSize": 16,
        "code": 59668,
        "name": "formulate-radio-button-list"
      },
      "setIdx": 0,
      "setId": 8,
      "iconIdx": 0
    },
    {
      "icon": {
        "paths": [
          "M448 256h-320v64h320v-64zM576 64h-576v896h768v-704l-192-192zM704 896h-640v-768h448l192 192v576zM128 768h512v-64h-512v64zM128 640h512v-64h-512v64zM128 512h512v-64h-512v64z"
        ],
        "width": 768,
        "attrs": [
          {}
        ],
        "isMulticolor": false,
        "isMulticolor2": false,
        "tags": [
          "file-text"
        ],
        "grid": 16
      },
      "attrs": [
        {}
      ],
      "properties": {
        "order": 1,
        "id": 0,
        "prevSize": 16,
        "code": 59667,
        "name": "formulate-rich-text"
      },
      "setIdx": 5,
      "setId": 3,
      "iconIdx": 0
    },
    {
      "icon": {
        "paths": [
          "M928 128h-288c0-70.692-57.306-128-128-128-70.692 0-128 57.308-128 128h-288c-17.672 0-32 14.328-32 32v832c0 17.674 14.328 32 32 32h832c17.674 0 32-14.326 32-32v-832c0-17.672-14.326-32-32-32zM512 64c35.346 0 64 28.654 64 64s-28.654 64-64 64c-35.346 0-64-28.654-64-64s28.654-64 64-64zM896 960h-768v-768h128v96c0 17.672 14.328 32 32 32h448c17.674 0 32-14.328 32-32v-96h128v768z",
          "M448 858.51l-205.254-237.254 58.508-58.51 146.746 114.744 274.742-242.744 58.514 58.508z"
        ],
        "attrs": [],
        "isMulticolor": false,
        "isMulticolor2": false,
        "tags": [
          "clipboard",
          "board",
          "signup",
          "register",
          "agreement"
        ],
        "grid": 16
      },
      "attrs": [],
      "properties": {
        "id": 1,
        "order": 1,
        "prevSize": 16,
        "ligatures": "clipboard, board",
        "name": "formulate-forms",
        "code": 59652
      },
      "setIdx": 5,
      "setId": 3,
      "iconIdx": 1
    },
    {
      "icon": {
        "paths": [
          "M704 128h-128v-64c0-35.2-28.8-64-64-64h-128c-35.204 0-64 28.8-64 64v64h-128v128h512v-128zM512 128h-128v-63.886c0.034-0.038 0.072-0.078 0.114-0.114h127.768c0.042 0.036 0.082 0.076 0.118 0.114v63.886zM832 320v-160c0-17.6-14.4-32-32-32h-64v64h32v128h-192l-192 192v256h-256v-576h32v-64h-64c-17.602 0-32 14.4-32 32v640c0 17.6 14.398 32 32 32h288v192h640v-704h-192zM576 410.51v101.49h-101.49l101.49-101.49zM960 960h-512v-384h192v-192h320v576z"
        ],
        "attrs": [],
        "isMulticolor": false,
        "isMulticolor2": false,
        "tags": [
          "paste",
          "clipboard-file"
        ],
        "grid": 16
      },
      "attrs": [],
      "properties": {
        "order": 1,
        "prevSize": 16,
        "ligatures": "paste, clipboard-file",
        "name": "formulate-form",
        "id": 2,
        "code": 59657
      },
      "setIdx": 5,
      "setId": 3,
      "iconIdx": 2
    },
    {
      "icon": {
        "paths": [
          "M853.342 0h-682.656c-93.874 0-170.686 76.81-170.686 170.69v682.622c0 93.938 76.812 170.688 170.686 170.688h682.656c93.876 0 170.658-76.75 170.658-170.69v-682.62c0-93.88-76.782-170.69-170.658-170.69zM853.342 128c7.988 0 15.546 2.334 22.020 6.342l-363.362 300.404-363.354-300.4c6.478-4.010 14.044-6.346 22.040-6.346h682.656zM170.686 896c-1.924 0-3.82-0.146-5.684-0.408l225.626-312.966-29.256-29.254-233.372 233.37v-611.138l384 464.396 384-464.394v611.136l-233.372-233.37-29.254 29.254 225.628 312.968c-1.858 0.26-3.746 0.406-5.662 0.406h-682.654z"
        ],
        "attrs": [],
        "isMulticolor": false,
        "isMulticolor2": false,
        "tags": [
          "mail",
          "contact",
          "support",
          "newsletter",
          "letter",
          "email",
          "envelop",
          "social"
        ],
        "grid": 16
      },
      "attrs": [],
      "properties": {
        "order": 1,
        "prevSize": 16,
        "ligatures": "mail3, contact3",
        "name": "formulate-email",
        "id": 3,
        "code": 59664
      },
      "setIdx": 5,
      "setId": 3,
      "iconIdx": 3
    },
    {
      "icon": {
        "paths": [
          "M892.268 386.49c2.444-11.11 3.732-22.648 3.732-34.49 0-88.366-71.634-160-160-160-14.222 0-28.014 1.868-41.132 5.352-24.798-77.352-97.29-133.352-182.868-133.352-87.348 0-161.054 58.336-184.326 138.17-22.742-6.622-46.792-10.17-71.674-10.17-141.384 0-256 114.616-256 256 0 141.388 114.616 256 256 256h128v192h256v-192h224c88.366 0 160-71.632 160-160 0-78.72-56.854-144.162-131.732-157.51zM576 640v192h-128v-192h-160l224-224 224 224h-160z"
        ],
        "attrs": [],
        "isMulticolor": false,
        "isMulticolor2": false,
        "tags": [
          "cloud-upload",
          "cloud",
          "load",
          "upload"
        ],
        "defaultCode": 59843,
        "grid": 16
      },
      "attrs": [],
      "properties": {
        "ligatures": "cloud-upload, cloud3",
        "name": "formulate-upload",
        "order": 3,
        "id": 4,
        "prevSize": 16,
        "code": 59843
      },
      "setIdx": 5,
      "setId": 3,
      "iconIdx": 4
    },
    {
      "icon": {
        "paths": [
          "M975.821 557.978l-162.355-405.862c-11.981-30.054-41.062-49.715-73.421-49.715h-456.090c-32.358 0-61.44 19.661-73.421 49.715l-162.355 405.862c-14.746 36.915-19.098 77.158-12.595 116.326l30.208 181.197c6.349 38.144 39.322 66.099 77.978 66.099h736.41c38.656 0 71.629-27.955 77.978-66.099l30.208-181.197c6.605-39.168 2.253-79.411-12.544-116.326zM868.301 780.544c-3.686 22.323-22.989 38.656-45.619 38.656h-621.363c-22.63 0-41.933-16.333-45.619-38.656l-18.688-112.282c-4.762-28.211 16.998-53.862 45.619-53.862h658.79c28.57 0 50.33 25.651 45.619 53.862l-18.739 112.282z"
        ],
        "attrs": [],
        "isMulticolor": false,
        "isMulticolor2": false,
        "tags": [
          "drive"
        ],
        "grid": 0
      },
      "attrs": [],
      "properties": {
        "order": 1,
        "id": 0,
        "prevSize": 20,
        "code": 59662,
        "name": "formulate-value-group"
      },
      "setIdx": 1,
      "setId": 7,
      "iconIdx": 0
    },
    {
      "icon": {
        "paths": [
          "M0 960v-896h576l192 192v704h-768zM704 320l-192-192h-448v768h640v-576zM320 512h-192v-256h192v256zM256 320h-64v128h64v-128zM256 768h64v64h-192v-64h64v-128h-64v-64h128v192zM512 448h64v64h-192v-64h64v-128h-64v-64h128v192zM576 832h-192v-256h192v256zM512 640h-64v128h64v-128z"
        ],
        "width": 768,
        "attrs": [],
        "isMulticolor": false,
        "isMulticolor2": false,
        "tags": [
          "file-binary"
        ],
        "grid": 0
      },
      "attrs": [],
      "properties": {
        "order": 1,
        "id": 1,
        "prevSize": 20,
        "code": 59661,
        "name": "formulate-value"
      },
      "setIdx": 1,
      "setId": 7,
      "iconIdx": 1
    },
    {
      "icon": {
        "paths": [
          "M922 494l60 60-406 406-216-218 60-60 156 158zM274 470h176l-88-236zM532 682l-50-128h-240l-48 128h-90l218-554h80l218 554h-88z"
        ],
        "attrs": [],
        "isMulticolor": false,
        "isMulticolor2": false,
        "tags": [
          "spellcheck"
        ],
        "grid": 0
      },
      "attrs": [],
      "properties": {
        "order": 1,
        "id": 2,
        "prevSize": 20,
        "code": 59660,
        "name": "formulate-validation"
      },
      "setIdx": 1,
      "setId": 7,
      "iconIdx": 2
    },
    {
      "icon": {
        "paths": [
          "M512 96c-229.76 0-416 186.24-416 416s186.24 416 416 416 416-186.24 416-416-186.24-416-416-416zM744.256 393.824l-303.552 303.52c-7.616 7.584-19.936 7.584-27.552 0l-6.112-6.112-0.032 0.032-167.008-168.192c-7.616-7.616-7.616-19.968 0-27.584l41.408-41.376c7.616-7.616 19.968-7.616 27.584 0l118.048 118.912 248.192-248.192c7.616-7.616 19.968-7.616 27.584 0l41.408 41.408c7.648 7.584 7.648 19.936 0.032 27.584z"
        ],
        "attrs": [],
        "isMulticolor": false,
        "isMulticolor2": false,
        "tags": [
          "checkmark",
          "tick"
        ],
        "grid": 0
      },
      "attrs": [],
      "properties": {
        "order": 1,
        "id": 3,
        "prevSize": 20,
        "code": 59658,
        "name": "formulate-validation-group"
      },
      "setIdx": 1,
      "setId": 7,
      "iconIdx": 3
    },
    {
      "icon": {
        "paths": [
          "M512 51.2l-256 358.4h512l-256-358.4zM512 972.8l256-358.4h-512l256 358.4z"
        ],
        "attrs": [],
        "isMulticolor": false,
        "isMulticolor2": false,
        "tags": [
          "select-arrows"
        ],
        "grid": 0
      },
      "attrs": [],
      "properties": {
        "order": 1,
        "id": 4,
        "prevSize": 20,
        "code": 59659,
        "name": "formulate-drop-down"
      },
      "setIdx": 1,
      "setId": 7,
      "iconIdx": 4
    },
    {
      "icon": {
        "paths": [
          "M1316.571 438.857h-73.143v365.714h73.143v219.429h-219.429v-73.143h-512v73.143h-219.429v-219.429h73.143v-73.143h-219.429v73.143h-219.429v-219.429h73.143v-365.714h-73.143v-219.429h219.429v73.143h512v-73.143h219.429v219.429h-73.143v73.143h219.429v-73.143h219.429v219.429zM1170.286 292.571v73.143h73.143v-73.143h-73.143zM804.571 73.143v73.143h73.143v-73.143h-73.143zM73.143 73.143v73.143h73.143v-73.143h-73.143zM146.286 731.429v-73.143h-73.143v73.143h73.143zM877.714 658.286h-73.143v73.143h73.143v-73.143zM219.429 658.286h512v-73.143h73.143v-365.714h-73.143v-73.143h-512v73.143h-73.143v365.714h73.143v73.143zM512 950.857v-73.143h-73.143v73.143h73.143zM1243.429 950.857v-73.143h-73.143v73.143h73.143zM1170.286 804.571v-365.714h-73.143v-73.143h-219.429v219.429h73.143v219.429h-219.429v-73.143h-219.429v73.143h73.143v73.143h512v-73.143h73.143z"
        ],
        "width": 1317,
        "attrs": [],
        "isMulticolor": false,
        "isMulticolor2": false,
        "tags": [
          "object-ungroup"
        ],
        "grid": 0
      },
      "attrs": [],
      "properties": {
        "order": 1,
        "id": 5,
        "prevSize": 20,
        "code": 59654,
        "name": "formulate-layout-group"
      },
      "setIdx": 1,
      "setId": 7,
      "iconIdx": 5
    },
    {
      "icon": {
        "paths": [
          "M193.856 218.72l21.952 21.952-89.856 89.856 70.016 70.016 90.272-90.272 20.512 20.512-90.272 90.304 69.12 69.088 205.312-205.312-249.984-248.512-204.576 204.576 67.648 67.68 89.856-89.888zM739.168 533.088l-205.312 205.344 69.088 69.088 90.304-90.272 20.512 20.512-90.272 90.272 70.016 70.016 89.824-89.856 21.952 21.952-89.824 89.856 67.616 67.648 204.608-204.608-248.512-249.952zM954.304 270.432c24.992-25.024 25.184-65.44 0.384-90.272l-112.384-112.352c-24.8-24.8-65.248-24.672-90.24 0.384l-69.44 69.44 202.24 202.24 69.44-69.44zM108.736 830.144l83.936 83.936 169.088-60.064-192.96-192.96-60.064 169.088zM660.8 158.176l-476.32 476.352 203.808 203.808 476.352-476.352-203.84-203.808zM277.024 634.112l383.392-383.392 22.336 22.336-383.424 383.424-22.304-22.368zM321.696 678.816l383.36-383.392 22.336 22.336-383.392 383.36-22.304-22.304zM366.368 723.456l383.392-383.392 22.304 22.336-383.36 383.392-22.336-22.336zM62.528 960.32l98.112-35.744-62.368-62.368-35.744 98.112z"
        ],
        "attrs": [],
        "isMulticolor": false,
        "isMulticolor2": false,
        "tags": [
          "ruler",
          "pencil",
          "design"
        ],
        "grid": 0
      },
      "attrs": [],
      "properties": {
        "order": 1,
        "id": 6,
        "prevSize": 20,
        "code": 59655,
        "name": "formulate-layout"
      },
      "setIdx": 1,
      "setId": 7,
      "iconIdx": 6
    },
    {
      "icon": {
        "paths": [
          "M160 992v-800l133.344-128h405.344l133.312 128v800h-672zM192 960h608v-736h-608v736zM224 608h544v320h-544v-320zM416 736v32h160v-96h-32v64h-96v-64h-32v64zM224 256h544v320h-544v-320zM416 416h160v-96h-32v64h-96v-64h-32v96z"
        ],
        "attrs": [],
        "isMulticolor": false,
        "isMulticolor2": false,
        "tags": [
          "cabinet",
          "drawer",
          "storage"
        ],
        "grid": 0
      },
      "attrs": [],
      "properties": {
        "order": 1,
        "id": 7,
        "prevSize": 20,
        "code": 59656,
        "name": "formulate-form-group"
      },
      "setIdx": 1,
      "setId": 7,
      "iconIdx": 7
    },
    {
      "icon": {
        "paths": [
          "M48 1024h800c27.808 0 48-20.192 48-48v-896c0-27.808-20.192-48-48-48h-128c-8.832 0-16 7.168-16 16s7.168 16 16 16h128c10.016 0 16 5.984 16 16v896c0 10.016-5.984 16-16 16h-800c-10.016 0-16-5.984-16-16v-896c0-10.016 5.984-16 16-16h128c8.832 0 16-7.168 16-16s-7.168-16-16-16h-128c-27.808 0-48 20.192-48 48v896c0 27.808 20.192 48 48 48zM176 160c8.832 0 16-7.168 16-16s-7.168-16-16-16h-64c-8.832 0-16 7.168-16 16v768c0 8.832 7.168 16 16 16h672c8.832 0 16-7.168 16-16v-768c0-8.832-7.168-16-16-16h-64c-8.832 0-16 7.168-16 16s7.168 16 16 16h48v736h-640v-736h48zM288 224h320c38.88 0 64-25.12 64-64v-144c0-8.832-7.168-16-16-16h-416c-8.832 0-16 7.168-16 16v144c0 38.88 25.12 64 64 64zM256 32h384v128c0 21.248-10.784 32-32 32h-320c-21.216 0-32-10.752-32-32v-128zM272 512h352c8.832 0 16-7.168 16-16s-7.168-16-16-16h-352c-8.832 0-16 7.168-16 16s7.168 16 16 16zM272 384h352c8.832 0 16-7.168 16-16s-7.168-16-16-16h-352c-8.832 0-16 7.168-16 16s7.168 16 16 16zM272 640h352c8.832 0 16-7.168 16-16s-7.168-16-16-16h-352c-8.832 0-16 7.168-16 16s7.168 16 16 16zM272 768h352c8.832 0 16-7.168 16-16s-7.168-16-16-16h-352c-8.832 0-16 7.168-16 16s7.168 16 16 16z"
        ],
        "width": 896,
        "attrs": [],
        "isMulticolor": false,
        "isMulticolor2": false,
        "tags": [
          "clipboard",
          "paste",
          "board"
        ],
        "grid": 32
      },
      "attrs": [],
      "properties": {
        "order": 1,
        "id": 0,
        "prevSize": 32,
        "code": 59663,
        "name": "formulate-conform"
      },
      "setIdx": 2,
      "setId": 6,
      "iconIdx": 0
    },
    {
      "icon": {
        "paths": [
          "M96 128v800h800v-800h-800zM352 896h-224v-544h224v544zM864 896h-480v-544h480v544zM864 320h-736v-160h736v160z"
        ],
        "attrs": [],
        "isMulticolor": false,
        "isMulticolor2": false,
        "tags": [
          "layout"
        ],
        "grid": 32
      },
      "attrs": [],
      "properties": {
        "order": 1,
        "id": 1,
        "prevSize": 32,
        "code": 59649,
        "name": "formulate-layouts"
      },
      "setIdx": 2,
      "setId": 6,
      "iconIdx": 1
    },
    {
      "icon": {
        "paths": [
          "M252.896 224.736c0 17.6 0 63.776 0 63.776h448.448c0 0 0-46.176 0-63.776 0-17.632-14.24-31.904-31.872-31.904h-95.68c0 0 1.088-36.416 1.088-92.224 0-51.808-44.928-99.136-98.752-99.136s-95.296 44.992-95.296 98.848c0 51.808-0.384 92.512-0.384 92.512h-95.648c-17.632 0-31.904 14.272-31.904 31.904zM476.128 97.184c17.6 0 31.904 14.272 31.904 31.872 0 17.632-14.304 31.904-31.904 31.904s-31.904-14.272-31.904-31.904c0-17.6 14.304-31.872 31.904-31.872zM765.152 192.832v316.832c0 0 27.52-30.368 63.744-44.928v-303.776c0-35.232-30.56-63.776-65.76-63.776h-157.472v63.776h127.552c17.632 0 31.936 14.272 31.936 31.872zM410.336 960.192h-189.344c-17.6 0-31.872-14.24-31.872-31.872v-735.488c0-17.6 14.272-31.872 31.872-31.872h129.568v-63.776h-161.44c-35.232 0-63.776 28.576-63.776 63.776v799.232c0 35.232 28.544 63.808 63.776 63.808h290.592c-12.48-21.056-34.784-45.376-69.376-63.808zM765.152 928.32c0 17.632-14.304 31.872-31.904 31.872h-87.328c-16.064 21.504-31.2 42.88-45.12 63.808h162.368c35.2 0 65.76-28.576 65.76-63.808v-196.128c-21.12 17.376-42.496 36.992-63.744 58.56v105.696zM898.656 669.632c-35.936-79.872-15.36-144.736-10.24-219.616-210.528 104.8-344.032 419.296-344.032 419.296l-82.144-154.752-169.44 99.808c71.904 24.928 174.592 104.8 261.888 209.632 61.568-109.824 251.552-334.368 343.968-354.368z"
        ],
        "attrs": [],
        "isMulticolor": false,
        "isMulticolor2": false,
        "tags": [
          "clipboard"
        ],
        "grid": 32
      },
      "attrs": [],
      "properties": {
        "order": 1,
        "id": 2,
        "prevSize": 32,
        "code": 59648,
        "name": "formulate-clipboard"
      },
      "setIdx": 2,
      "setId": 6,
      "iconIdx": 2
    },
    {
      "icon": {
        "paths": [
          "M512 0c-215.808 0-448 65.056-448 208v608c0 142.88 232.192 208 448 208 215.776 0 448-65.12 448-208v-608c0-142.944-232.256-208-448-208zM896 816c0 79.488-171.936 144-384 144-212.096 0-384-64.512-384-144v-119.552c66.112 68.128 225.6 103.552 384 103.552s317.888-35.424 384-103.552v119.552zM896 624h-0.128c0 0.32 0.128 0.672 0.128 0.992 0 79.008-171.936 143.008-384 143.008-212.064 0-384-64-384-143.008 0-0.32 0.128-0.672 0.128-0.992h-0.128v-119.552c66.112 68.128 225.6 103.552 384 103.552s317.888-35.424 384-103.552v119.552zM896 432h-0.128c0 0.32 0.128 0.672 0.128 0.992 0 79.008-171.936 143.008-384 143.008-212.064 0-384-64-384-143.008 0-0.32 0.128-0.672 0.128-0.992h-0.128v-109.952c83.872 63.904 237.6 93.952 384 93.952s300.128-30.048 384-93.952v109.952zM512 352c-212.096 0-384-64.512-384-144 0-79.552 171.904-144 384-144 212.064 0 384 64.448 384 144 0 79.488-171.936 144-384 144zM768 832c0-17.673 14.327-32 32-32s32 14.327 32 32c0 17.673-14.327 32-32 32-17.673 0-32-14.327-32-32zM768 640c0-17.673 14.327-32 32-32s32 14.327 32 32c0 17.673-14.327 32-32 32-17.673 0-32-14.327-32-32zM768 448c0-17.673 14.327-32 32-32s32 14.327 32 32c0 17.673-14.327 32-32 32-17.673 0-32-14.327-32-32z"
        ],
        "attrs": [],
        "isMulticolor": false,
        "isMulticolor2": false,
        "tags": [
          "data",
          "database",
          "storage"
        ],
        "grid": 32
      },
      "attrs": [],
      "properties": {
        "id": 3,
        "order": 7,
        "prevSize": 32,
        "code": 59650,
        "name": "formulate-data"
      },
      "setIdx": 2,
      "setId": 6,
      "iconIdx": 3
    },
    {
      "icon": {
        "paths": [
          "M918 384v128h-128v298h-128v-298h-128v-128h384zM106 170h556v128h-214v512h-128v-512h-214v-128z"
        ],
        "attrs": [],
        "isMulticolor": false,
        "isMulticolor2": false,
        "tags": [
          "text_fields"
        ],
        "grid": 24
      },
      "attrs": [],
      "properties": {
        "order": 1,
        "id": 0,
        "prevSize": 24,
        "code": 59653,
        "name": "formulate-values"
      },
      "setIdx": 3,
      "setId": 5,
      "iconIdx": 0
    },
    {
      "icon": {
        "paths": [
          "M554 598v-172h-84v172h84zM554 768v-86h-84v86h84zM42 896l470-810 470 810h-940z"
        ],
        "attrs": [],
        "isMulticolor": false,
        "isMulticolor2": false,
        "tags": [
          "report_problem"
        ],
        "grid": 24
      },
      "attrs": [],
      "properties": {
        "order": 1,
        "id": 1,
        "prevSize": 24,
        "code": 59651,
        "name": "formulate-validations"
      },
      "setIdx": 3,
      "setId": 5,
      "iconIdx": 1
    },
    {
      "icon": {
        "paths": [
          "M819.2 51.2h-614.4c-28.314 0-51.2 22.886-51.2 51.2v819.2c0 28.262 22.886 51.2 51.2 51.2h614.4c28.314 0 51.2-22.938 51.2-51.2v-819.2c0-28.262-22.886-51.2-51.2-51.2zM768 870.4h-512v-716.8h512v716.8zM665.6 256h-307.2v102.4h307.2v-102.4zM665.6 665.6h-307.2v102.4h307.2v-102.4zM665.6 460.8h-307.2v102.4h307.2v-102.4z"
        ],
        "attrs": [
          {}
        ],
        "isMulticolor": false,
        "isMulticolor2": false,
        "tags": [
          "text-document"
        ],
        "grid": 20
      },
      "attrs": [
        {}
      ],
      "properties": {
        "order": 1,
        "id": 0,
        "prevSize": 20,
        "code": 59666,
        "name": "formulate-textarea"
      },
      "setIdx": 4,
      "setId": 4,
      "iconIdx": 0
    },
    {
      "icon": {
        "paths": [
          "M647.429 596q17.714 17.143 8 39.429-9.714 22.857-33.714 22.857h-218.286l114.857 272q5.714 14.286 0 28t-19.429 20l-101.143 42.857q-14.286 5.714-28 0t-20-19.429l-109.143-258.286-178.286 178.286q-10.857 10.857-25.714 10.857-6.857 0-13.714-2.857-22.857-9.714-22.857-33.714v-859.429q0-24 22.857-33.714 6.857-2.857 13.714-2.857 15.429 0 25.714 10.857z"
        ],
        "width": 662,
        "attrs": [],
        "isMulticolor": false,
        "isMulticolor2": false,
        "tags": [
          "mouse-pointer"
        ],
        "grid": 14
      },
      "attrs": [],
      "properties": {
        "order": 1,
        "id": 0,
        "prevSize": 28,
        "code": 59665,
        "name": "formulate-button"
      },
      "setIdx": 6,
      "setId": 2,
      "iconIdx": 0
    }
  ],
  "height": 1024,
  "metadata": {
    "name": "icomoon"
  },
  "preferences": {
    "showGlyphs": true,
    "showCodes": true,
    "showQuickUse": true,
    "showQuickUse2": true,
    "showSVGs": true,
    "fontPref": {
      "prefix": "icon-",
      "metadata": {
        "fontFamily": "icomoon"
      },
      "metrics": {
        "emSize": 1024,
        "baseline": 6.25,
        "whitespace": 50
      },
      "embed": false
    },
    "imagePref": {
      "prefix": "icon-",
      "png": true,
      "useClassSelector": true,
      "color": 4473924,
      "bgColor": 16777215
    },
    "historySize": 100
  }
}